{"cameraMode":{"drawMode":0,"name":"Shaded","section":"Shading Mode"},"sceneLighting":true,"audioPlay":false,"sceneViewState":{"m_AlwaysRefresh":false,"showFog":true,"showSkybox":true,"showFlares":true,"showImageEffects":true,"showParticleSystems":true,"showVisualEffectGraphs":true,"m_FxEnabled":true},"in2DMode":false,"pivot":{"x":-9.497166633605957,"y":-0.2670184373855591,"z":-8.956127166748047},"rotation":{"x":0.021182160824537278,"y":-0.9062351584434509,"z":0.04570760950446129,"w":0.4197898507118225},"size":11.299882888793946,"orthographic":false}